Piau&iacute; | Todos os Munic&iacute;pios;;;;;;;;;;;;;;;;;;;;;
Munic&iacute;pio [-],C&oacute;digo [-],Gent&iacute;lico [-],Prefeito [2017],&Aacute;rea Territorial - km&sup2; [2019],Popula&ccedil;&atilde;o estimada - pessoas [2020],Densidade demogr&aacute;fica - hab/km&sup2; [2010],Escolariza&ccedil;&atilde;o &lt;span&gt;6 a 14 anos&lt;/span&gt; - % [2010],IDHM &lt;span&gt;&Iacute;ndice de desenvolvimento humano municipal&lt;/span&gt; [2010],Mortalidade infantil - &oacute;bitos por mil nascidos vivos [2016],Receitas realizadas - R$ (&times;1000) [2017],Despesas empenhadas - R$ (&times;1000) [2017],PIB per capita - R$ [2017],
Acau&atilde;,2200053,acau&atilde;nense,REGINALDO RAIMUNDO RODRIGUES,1279.586,7102,5.27,97.5,0.528,38.10,16160.54709,15755.32908,6370.50,;;;;;;;;;;;;;;;;;;;;;
Agricol&acirc;ndia,2200103,agricolandiense,WALTER RIBEIRO ALENCAR,112.392,5131,45.35,97.5,0.599,27.40,14873.8781,13709.29798,6755.76,;;;;;;;;;;;;;;;;;;;;;;
&Aacute;gua Branca,2200202,&aacute;gua-branquense,JONAS MOURA DE ARA&Uacute;JO,97.041,17470,169.53,98.6,0.639,19.48,49509.45311,44495.9755,10704.23,;;;;;;;;;;;;;;;;;;;;
Alagoinha do Piau&iacute;,2200251,alagoinense,JORISMAR JOSE DA ROCHA,535.807,7665,13.77,93.6,0.531,35.29,15041.13957,15044.56951,6594.39,;;;;;;;;;;;;;;;;;;;;;;
Alegrete do Piau&iacute;,2200277,alegretense,MARCIO WILLIAN MAIA ALENCAR,243.732,4918,18.23,96.7,0.585,12.99,14928.46141,13272.15253,6976.90,;;;;;;;;;;;;;;;;;;;;;;
Alto Long&aacute;,2200301,longaense,HENRIQUE CESAR SARAIVA DE AREA LEAO COST,1737.836,14339,7.85,97.9,0.585,13.70,26948.2862,24944.33159,6334.59,;;;;;;;;;;;;;;;;;;;;;;
Altos,2200400,altoense,PATRICIA MARA DA SILVA LEAL PINHEIRO,957.654,40605,40.54,97.6,0.614,14.00,76062.83273,77121.44553,9354.21,;;;;;;;;;;;;;;;;;;;;;;;
Alvorada do Gurgu&eacute;ia,2200459,alvoradense,LUIS RIBEIRO MARTINS,2131.920,5445,2.37,97.4,0.578,21.98,12704.89339,16035.83468,13884.66,;;;;;;;;;;;;;;;;;;;;;;
Amarante,2200509,amarantino,DIEGO LAMARTINE SOARES TEIXEIRA,1155.205,17604,14.83,97.2,0.598,40.15,34052.82746,33595.22255,7765.73,;;;;;;;;;;;;;;;;;;;;;;;
Angical do Piau&iacute;,2200608,angicalense,MARIA NETA DE SOUZA SANTOS NUNES,223.060,6783,29.86,96.9,0.630,11.76,19912.12001,17634.26604,8267.16,;;;;;;;;;;;;;;;;;;;;;;
An&iacute;sio de Abreu,2200707,anisiense,RAIMUNDO NEI ANTUNES RIBEIRO,337.877,9938,26.93,98.3,0.594,24.19,16654.77945,19520.38605,6878.17,;;;;;;;;;;;;;;;;;;;;;;
Ant&ocirc;nio Almeida,2200806,ant&ocirc;nio-almeidense,JOAO BATISTA CAVALCANTE COSTA,645.748,3170,4.71,99.6,0.620,48.78,14255.06231,12666.40607,22675.63,;;;;;;;;;;;;;;;;;;;;;
Aroazes,2200905,aroazense,ANTONIO TOM&Eacute; SOARES DE CARVALHO NETO,821.212,5827,7.03,98.9,0.583,11.63,11874.16985,15119.63843,7876.10,;;;;;;;;;;;;;;;;;;;;;;
Aroeiras do Itaim,2200954,aroeirense,WESLEY GON&Ccedil;ALVES DE DEUS,316.235,2551,9.49,94.2,0.519,52.63,10853.888,10178.68158,7152.73,;;;;;;;;;;;;;;;;;;;;;;
Arraial,2201002,arraialense,NUMAS PEREIRA PORTO,682.761,4720,6.87,97.7,0.560,50.00,12540.64856,12655.55254,7362.69,;;;;;;;;;;;;;;;;;;;;;;;
Assun&ccedil;&atilde;o do Piau&iacute;,2201051,assun&ccedil;&atilde;oense,ANTONIO LUIZ NETO,1690.703,7863,4.44,97.9,0.499,34.48,19338.26341,19787.25086,6140.74,;;;;;;;;;;;;;;;;;;
Avelino Lopes,2201101,avelino-lopense,DIOSTENES JOSE ALVES,1218.072,11326,8.48,97.2,0.554,5.26,24904.75054,25656.75871,6759.80,;;;;;;;;;;;;;;;;;;;;;;;
Baixa Grande do Ribeiro,2201150,baixagrandense do ribeiro,OZIRES CASTRO SILVA,7808.915,11671,1.35,96.4,0.564,20.00,48566.32125,40902.55603,65454.41,;;;;;;;;;;;;;;;;;;;;;;;
Barra D'Alc&acirc;ntara,2201176,barra d&rsquo;alcantarense,FRANCISCO CLAUDISON DE BRITO SOUSA,263.382,3952,14.63,96,0.577,45.45,13086.03847,12041.093,8323.45,;;;;;;;;;;;;;;;;;;;;;
Barras,2201200,barrense,CARLOS ALBERTO LAGES MONTE,1722.507,47185,26.08,97.5,0.595,12.20,86163.37267,83754.54339,7975.43,;;;;;;;;;;;;;;;;;;;;;;;
Barreiras do Piau&iacute;,2201309,barreirense,MAURICIO NETO PARENTE LACERDA,2167.986,3352,1.59,98.5,0.557,25.64,12570.74745,11026.89113,7353.81,;;;;;;;;;;;;;;;;;;;;;;
Barro Duro,2201408,barro-durense,DEUSDETE LOPES DA SILVA,159.429,7027,50.39,96.9,0.612,10.64,17752.63641,15108.95745,8959.53,;;;;;;;;;;;;;;;;;;;;;;;
Batalha,2201507,batalhense,JO&Atilde;O MESSIAS FREITAS MELO,1589.010,26905,16.22,99.2,0.545,17.05,49044.41092,44793.07328,6716.93,;;;;;;;;;;;;;;;;;;;;;;
Bela Vista do Piau&iacute;,2201556,bela  vistense,ELOISIO RAIMUNDO COELHO,499.092,4030,7.57,97.6,0.576,51.28,12210.81061,11440.78072,8391.92,;;;;;;;;;;;;;;;;;;;;;;
Bel&eacute;m do Piau&iacute;,2201572,belenense,ADEMAR ALU&Iacute;SIO DE CARVALHO,243.531,3587,13.50,97,0.551,25.64,14611.0105,12829.75964,7629.38,;;;;;;;;;;;;;;;;;;;;
Beneditinos,2201606,beneditinense,JULLYVAN MENDES DE MESQUITA,934.843,10473,12.57,97.2,0.557,49.59,24497.56423,23772.13765,6894.41,;;;;;;;;;;;;;;;;;;;;;;;
Bertol&iacute;nia,2201705,bertolinense,LUCIANO FONSECA DE SOUSA,1225.335,5507,4.34,97.6,0.612,57.97,15518.13488,15996.48283,9849.40,;;;;;;;;;;;;;;;;;;;;;;
Bet&acirc;nia do Piau&iacute;,2201739,betanhense,FABIO DE CARVALHO MACEDO,580.917,6210,10.65,97,0.489,9.62,16817.08081,14918.93213,7125.17,;;;;;;;;;;;;;;;;;;;;;
Boa Hora,2201770,boa horense,FRANCIEUDO DO NASCIMENTO CARVALHO,336.954,6815,18.65,99,0.575,60.98,17305.49794,14785.13719,6860.51,;;;;;;;;;;;;;;;;;;;;;;;
Bocaina,2201804,bocainense,ERIVELTO DE S&Aacute; BARROS,261.651,4505,16.27,97.4,0.632,51.28,12638.70018,11797.66217,10930.77,;;;;;;;;;;;;;;;;;;;;;;
Bom Jesus,2201903,bom-jesuense,MARCOS ANTONIO PARENTE ELVAS COELHO,5469.367,25387,4.14,97.9,0.668,14.99,79178.08164,71112.23929,35355.77,;;;;;;;;;;;;;;;;;;;;;;;
Bom Princ&iacute;pio do Piau&iacute;,2201919,bomprincipiense,FRANCISCO APOLINARIO COSTA MORAES,523.142,5651,10.17,97.7,0.532,10.00,20874.56948,18887.2954,8872.39,;;;;;;;;;;;;;;;;;;;;;
Bonfim do Piau&iacute;,2201929,bonfinense,PAULO HENRIQUE VIANA PINDAIBA,289.210,5685,18.65,97.6,0.542,9.71,14484.62014,12636.26994,6575.24,;;;;;;;;;;;;;;;;;;;;;;
Boqueir&atilde;o do Piau&iacute;,2201945,boqueir&atilde;oense,VALDEMIR ALVES DA SILVA,269.802,6426,22.25,98.8,0.560,47.06,17395.29617,17040.86349,6380.50,;;;;;;;;;;;;;;;;;;;;
Brasileira,2201960,brasileirense,PAULA MIRANDA AMORIM ARAUJO,880.341,8347,9.04,96.7,0.577,20.00,17701.48656,15972.80506,6547.48,;;;;;;;;;;;;;;;;;;;;;;;
Brejo do Piau&iacute;,2201988,brejense,EDSON RIBEIRO COSTA,2267.327,3848,1.76,98,0.515,22.22,13199.13833,11973.93712,8314.84,;;;;;;;;;;;;;;;;;;;;;;
Buriti dos Lopes,2202000,buritiense,RAIMUNDO NONATO LIMA PERCY JUNIOR,689.234,19807,27.60,97.5,0.565,12.20,48728.6754,47101.81438,8074.75,;;;;;;;;;;;;;;;;;;;;;;;
Buriti dos Montes,2202026,buritiense,JOS&Eacute; VALMI SOARES,2437.326,8264,3.01,98.3,0.574,11.49,19029.12282,17673.23909,6329.24,;;;;;;;;;;;;;;;;;;;;;;
Cabeceiras do Piau&iacute;,2202059,cabeceirense,JOS&Eacute; JOAQUIM DE SOUSA CARVALHO,608.804,10630,16.31,98.3,0.583,9.90,21929.2054,19941.96965,5677.72,;;;;;;;;;;;;;;;;;;;;;
Cajazeiras do Piau&iacute;,2202075,cajazerense,ALDEMAR DA SILVA CARMO NETO,514.364,3573,6.50,99.2,0.562,23.26,13049.22464,11668.39404,7267.45,;;;;;;;;;;;;;;;;;;;;;;
Cajueiro da Praia,2202083,pratense,GIRVALDO ALBUQUERQUE DA SILVA,271.165,7674,26.36,95,0.546,21.51,21028.98134,16097.93475,10858.69,;;;;;;;;;;;;;;;;;;;;;;;
Caldeir&atilde;o Grande do Piau&iacute;,2202091,caldeir&atilde;o grandense,JO&Atilde;O VIANNEY DE SOUSA ALENCAR,467.083,5781,11.46,98.1,0.588,15.38,16301.69324,16306.39202,8006.06,;;;;;;;;;;;;;;;;;;;
Campinas do Piau&iacute;,2202109,campinense,VALDINEI CARVALHO DE MACEDO,783.842,5620,6.51,97.8,0.544,35.71,10643.50329,10018.17902,7643.59,;;;;;;;;;;;;;;;;;;;;;;
Campo Alegre do Fidalgo,2202117,campo alegrense,ISRAEL ODILIO DA MATA,657.796,5069,7.13,97.5,0.537,16.67,15672.64701,14813.34709,6844.31,;;;;;;;;;;;;;;;;;;;;;;;
Campo Grande do Piau&iacute;,2202133,campo grandense,JO&Atilde;O BATISTA DE OLIVEIRA,311.829,5965,17.93,98.5,0.560,20.20,15285.28836,14151.13115,8521.91,;;;;;;;;;;;;;;;;;;;;;
Campo Largo do Piau&iacute;,2202174,campolargoense,ROMULO AECIO SOUSA,477.629,7311,14.24,97.2,0.528,41.67,20887.40093,19920.07183,5830.55,;;;;;;;;;;;;;;;;;;;;;;
Campo Maior,2202208,campo-maiorense,JOSE DE RIBAMAR CARVALHO,1680.803,46893,26.96,98.3,0.656,13.22,126013.08141,116143.09156,11812.56,;;;;;;;;;;;;;;;;;;;;;;;
Canavieira,2202251,canavieirense,JOAN DE ALBUQUERQUE ROCHA,2162.874,3944,1.81,99.6,0.583,32.26,13056.89324,12406.04161,8056.31,;;;;;;;;;;;;;;;;;;;;;;;
Canto do Buriti,2202307,canto-buritiense,MARCOS NUNES CHAVES,4325.643,21258,4.63,96.6,0.576,22.39,43355.64482,43510.91874,9961.37,;;;;;;;;;;;;;;;;;;;;;;;
Capit&atilde;o de Campos,2202406,capit&atilde;o-de-campense,FRANCISCO MEDEIROS DE CARVALHO FILHO,569.889,11445,18.50,98.6,0.583,11.90,28428.6271,25735.02893,7353.96,;;;;;;;;;;;;;;;;;;;;;
Capit&atilde;o Gerv&aacute;sio Oliveira,2202455,gervasense,GABRIELA OLIVEIRA COELHO DA LUZ,1134.168,4114,3.42,98.7,0.553,20.83,12971.59045,12609.16642,7476.48,;;;;;;;;;;;;;;;;;;;;;
Caracol,2202505,caracolense,GILSON DIAS DE MACEDO FILHO,1610.959,10964,6.34,96.6,0.552,40.40,22206.51457,21687.87596,6448.28,;;;;;;;;;;;;;;;;;;;;;;;
Cara&uacute;bas do Piau&iacute;,2202539,carubense,JOAO COELHO DE SANTANA,471.242,5890,11.72,93.9,0.505,50.00,15487.27767,13304.33687,7788.66,;;;;;;;;;;;;;;;;;;;;;
Caridade do Piau&iacute;,2202554,caridadense,ANTONIEL DE SOUSA SILVA,498.793,5085,9.63,99.4,0.541,24.39,6945.47181,15189.00624,6595.36,;;;;;;;;;;;;;;;;;;;;;;
Castelo do Piau&iacute;,2202604,castelense,JOS&Eacute; MAGNO SOARES DA SILVA,2378.847,19715,9.01,98,0.587,12.82,40397.05751,40490.66008,8210.82,;;;;;;;;;;;;;;;;;;;;;
Caxing&oacute;,2202653,caxingoense,WASHINGTON LUIZ BRITO DE SOUSA,491.063,5451,10.32,96.8,0.488,39.60,17074.0036,15928.10517,8197.23,;;;;;;;;;;;;;;;;;;;;;;
Cocal,2202703,cocalense,RUBENS DE SOUSA VIEIRA,1294.125,27845,20.51,96.2,0.497,14.35,51963.96383,49855.82762,7733.23,;;;;;;;;;;;;;;;;;;;;;;;
Cocal de Telha,2202711,cocatelhense,ANA C&Eacute;LIA DA COSTA SILVA,310.346,4899,16.04,98.8,0.555,30.77,264.7739,16254.48632,7795.01,;;;;;;;;;;;;;;;;;;;;;;
Cocal dos Alves,2202729,cocalalvense,OSMAR DE SOUSA VIEIRA,324.863,6168,15.58,96.3,0.498,32.26,14932.21411,13487.03631,7342.47,;;;;;;;;;;;;;;;;;;;;;;;
Coivaras,2202737,coivarense,MARCELINO ALMEIDA DE ARA&Uacute;JO,485.496,4032,7.85,98.1,0.565,41.67,12496.15711,11912.9102,7528.39,;;;;;;;;;;;;;;;;;;;;;;
Col&ocirc;nia do Gurgu&eacute;ia,2202752,coloniense,ALCILENE ALVES DE ARA&Uacute;JO,430.621,6516,14.02,98.8,0.628,12.35,17694.1347,15104.88096,8208.72,;;;;;;;;;;;;;;;;;;;;
Col&ocirc;nia do Piau&iacute;,2202778,coloniense,LUCIA DE FATIMA BARROSO MOURA DE ABREU S,947.879,7661,7.84,98.6,0.588,9.80,18975.35796,17220.53398,6838.46,;;;;;;;;;;;;;;;;;;;;;
Concei&ccedil;&atilde;o do Canind&eacute;,2202802,concei&ccedil;&atilde;onense,ALCIMIRO PINHEIRO DA COSTA,824.729,4807,5.38,96.8,0.589,12.99,14369.50405,13645.26965,9001.23,;;;;;;;;;;;;;;;;;;
Coronel Jos&eacute; Dias,2202851,coronelino,MANOEL OLIVEIRA GALV&Atilde;O,1914.833,4685,2.37,96.9,0.546,40.82,13859.0412,12836.63545,6990.47,;;;;;;;;;;;;;;;;;;;;;
Corrente,2202901,correntino,GLADSON MURILO MASCARENHAS RIBEIRO,3048.446,26709,8.33,97.3,0.642,8.89,3048.99141,47744.75293,14540.63,;;;;;;;;;;;;;;;;;;;;;;;
Cristal&acirc;ndia do Piau&iacute;,2203008,cristalandense,ARIANO MESSIAS NOGUEIRA PARANAGUA,1202.896,8323,6.51,96.9,0.573,20.62,16982.87116,15378.65219,6590.56,;;;;;;;;;;;;;;;;;;;;;
Cristino Castro,2203107,cristino-castrense,MANOEL PEREIRA DE SOUSA JUNIOR,1846.193,10444,5.41,97.9,0.566,6.21,32075.55822,27704.3474,9659.51,;;;;;;;;;;;;;;;;;;;;;;;
Curimat&aacute;,2203206,curimataense,VALDECIR RODRIGUES DE ALBUQUERQUE JUNIOR,2344.655,11426,4.60,97.6,0.607,16.13,24055.05838,21122.68328,7938.47,;;;;;;;;;;;;;;;;;;;;;;
Currais,2203230,curralense,RAIMUNDO DE SOUSA SANTOS,3156.657,4968,1.49,98.6,0.542,14.29,23189.89072,15583.21269,32119.24,;;;;;;;;;;;;;;;;;;;;;;;
Curralinhos,2203255,curralinhense,FRANCISCO ALCIDES MACHADO OLIVEIRA,345.848,4459,12.09,84.7,0.555,29.41,13668.67189,12623.91663,5986.56,;;;;;;;;;;;;;;;;;;;;;;;
Curral Novo do Piau&iacute;,2203271,curral novense,ABEL FRANCISCO DE OLIVEIRA JUNIOR,755.251,5367,6.47,95.6,0.527,27.40,16920.99427,13704.25895,57549.37,;;;;;;;;;;;;;;;;;;;;;;
Demerval Lob&atilde;o,2203305,morrinhense,LUIS GONZAGA DE CARVALHO JUNIOR,216.807,13840,61.24,97.9,0.618,15.15,32040.05026,29658.87834,9802.05,;;;;;;;;;;;;;;;;;;;;;;
Dirceu Arcoverde,2203354,arcoverdense,CARLOS GOMES DE OLIVEIRA,1017.057,7029,6.56,97.5,0.561,10.42,N&atilde;o informado,N&atilde;o informado,6413.86,;;;;;;;;;;;;;;;;;;;;;
Dom Expedito Lopes,2203404,dom-expedito-lopense,VALMIR BARBOSA DE ARA&Uacute;JO,218.710,6922,29.99,98.5,0.601,10.87,15381.40465,13068.66454,9856.15,;;;;;;;;;;;;;;;;;;;;;;
Domingos Mour&atilde;o,2203420,domingos-mouronense,JULIO CESAR BARBOSA FRANCO,848.705,4354,5.04,95.8,0.550,16.95,12625.57011,11843.98706,7443.37,;;;;;;;;;;;;;;;;;;;;;;
Dom Inoc&ecirc;ncio,2203453,inocentino,MARIA DAS VIRGENS DIAS,3870.167,9565,2.39,98.4,0.549,13.33,20616.96655,18661.41778,6031.27,;;;;;;;;;;;;;;;;;;;;;;
Elesb&atilde;o Veloso,2203503,elesbonense,JOSE RONALDO GOMES BARBOSA,1383.978,14575,10.77,98.9,0.580,19.35,29373.79818,27174.11646,8603.12,;;;;;;;;;;;;;;;;;;;;;;
Eliseu Martins,2203602,eliseu-martinino,MARCOS AURELIO GUIMARAES DE ARAUJO,1090.450,4930,4.28,98.4,0.595,20.00,14592.82853,13664.54798,8449.29,;;;;;;;;;;;;;;;;;;;;;;;
Esperantina,2203701,esperantinense,VILMA CARVALHO AMORIM,908.777,39848,41.45,97.5,0.605,12.33,72886.22848,71734.37787,8659.36,;;;;;;;;;;;;;;;;;;;;;;;
Fartura do Piau&iacute;,2203750,farturense,LA&Ecirc;NIO ROMMEL RODRIGUES MAC&Ecirc;DO,712.918,5319,7.12,96.3,0.548,38.96,6866.75212,11281.58375,5340.05,;;;;;;;;;;;;;;;;;;;;
Flores do Piau&iacute;,2203800,florentino-do-piau&iacute;,ADINAEL RODRIGUES DE BARROS,946.719,4462,4.61,99,0.547,16.13,13043.44806,11655.99295,8201.11,;;;;;;;;;;;;;;;;;;;;;
Floresta do Piau&iacute;,2203859,florestense,AMILTON RODRIGUES DE SOUSA,223.218,2560,12.75,99.3,0.538,58.82,5088.68243,5515.7882,7942.88,;;;;;;;;;;;;;;;;;;;;;;
Floriano,2203909,florianense,JOEL RODRIGUES DA SILVA,3409.647,60025,16.92,98.1,0.700,16.34,141641.34217,120928.52775,17285.07,;;;;;;;;;;;;;;;;;;;;;;;
Francin&oacute;polis,2204006,francinopolitano,PAULO CESAR RODRIGUES DE MORAIS,268.702,5347,19.48,97.5,0.564,17.24,12864.19584,11575.86989,6868.65,;;;;;;;;;;;;;;;;;;;;;;
Francisco Ayres,2204105,airense,VALKIR NUNES DE OLIVEIRA,656.475,4323,6.82,98.1,0.577,15.63,12745.84827,11909.83512,8494.75,;;;;;;;;;;;;;;;;;;;;;;;
Francisco Macedo,2204154,francisco macedense,RAIMUNDO NONATO DE ALENCAR,176.505,3200,18.54,97.8,0.553,51.28,11489.26019,10311.65617,7447.46,;;;;;;;;;;;;;;;;;;;;;;;
Francisco Santos,2204204,francisco-santense,LUIS JOS&Eacute; DE BARROS,491.865,9372,17.47,97.4,0.608,10.31,19697.26269,16931.93601,6805.65,;;;;;;;;;;;;;;;;;;;;;;
Fronteiras,2204303,fronteirense,MARIA JOSE AYRES DE SOUSA,778.204,11659,14.33,97.5,0.619,16.81,37581.59783,31546.01684,12782.88,;;;;;;;;;;;;;;;;;;;;;;;
Geminiano,2204352,geminianense,ERCULANO EDIMILSON DE CARVALHO,441.336,5460,11.84,97,0.561,22.73,14154.26818,12016.40949,7979.84,;;;;;;;;;;;;;;;;;;;;;;;
Gilbu&eacute;s,2204402,gilbuense,LEONARDO DE MORAIS MATOS,3494.953,10694,2.98,93.7,0.548,24.51,25861.84513,25369.73599,17665.72,;;;;;;;;;;;;;;;;;;;;;;
Guadalupe,2204501,guadalupense,MARIA JOZENEIDE FERNANDES LIMA,1023.592,10497,10.03,98.8,0.650,15.79,26771.74477,26817.43176,51697.69,;;;;;;;;;;;;;;;;;;;;;;;
Guaribas,2204550,guaribano,CLAUDINE MATIAS MAIA,3118.231,4568,1.41,98.2,0.508,11.90,13595.51123,12681.98387,6833.16,;;;;;;;;;;;;;;;;;;;;;;;
Hugo Napole&atilde;o,2204600,hugo-napoleonense,HELIO RODRIGUES ALVES,224.455,3879,16.80,96.8,0.599,21.28,13171.38105,12298.23884,7009.48,;;;;;;;;;;;;;;;;;;;;;;
Ilha Grande,2204659,ilhagrandense,HERBERT DE MORAES E SILVA,134.015,9457,66.36,98.1,0.563,18.29,19581.58151,18923.82527,7363.74,;;;;;;;;;;;;;;;;;;;;;;;
Inhuma,2204709,inhumense,ANT&Ocirc;NIO RUFINO DA SILVA J&Uacute;NIOR,978.222,15319,15.18,98.8,0.624,10.87,28264.54945,27340.8185,8119.96,;;;;;;;;;;;;;;;;;;;;;
Ipiranga do Piau&iacute;,2204808,ipiranguense,JOSE SANTOS REGO,529.417,9838,17.67,94.9,0.630,18.69,24167.26633,21329.6211,7089.66,;;;;;;;;;;;;;;;;;;;;;;
Isa&iacute;as Coelho,2204907,isaiense,FRANCISCO EUDES CASTELO BRANCO NUNES,800.688,8566,10.59,95,0.582,16.13,18542.51204,17138.25662,6378.94,;;;;;;;;;;;;;;;;;;;;;;
Itain&oacute;polis,2205003,itainopolense,PAULO LOPES MOREIRA,827.620,11551,13.41,97.1,0.541,16.95,28404.00061,25724.92413,7035.48,;;;;;;;;;;;;;;;;;;;;;;
Itaueira,2205102,itaueirense,QUIRINO DE ALENCAR AVELINO,2554.179,11028,4.18,98.7,0.583,14.71,46576.98933,25063.51458,10054.21,;;;;;;;;;;;;;;;;;;;;;;;
Jacobina do Piau&iacute;,2205151,jacobinense,GEDERLANIO RODRIGUES DE OLIVEIRA,1333.796,5729,4.17,97.7,0.535,36.36,14931.85453,13966.90395,7618.34,;;;;;;;;;;;;;;;;;;;;;;
Jaic&oacute;s,2205201,jaicoense,OGILVAN DA SILVA OLIVEIRA,865.144,19170,20.85,95.1,0.524,11.03,40164.52849,36286.00057,8524.39,;;;;;;;;;;;;;;;;;;;;;;
Jardim do Mulato,2205250,jardimulatense,AIRTON JOSE DA COSTA VELOSO,509.850,4513,8.45,98.9,0.593,18.52,12658.3486,12596.03812,6648.42,;;;;;;;;;;;;;;;;;;;;;;;
Jatob&aacute; do Piau&iacute;,2205276,jatobaense,JOS&Eacute; CARLOS GOMES BANDEIRA,650.681,4875,7.13,98.9,0.566,21.74,14837.05033,14596.88111,8365.67,;;;;;;;;;;;;;;;;;;;;
Jerumenha,2205300,jerumenhense,ALDARA ROCHA LEAL VILAR PINTO,1867.313,4447,2.35,97.4,0.591,15.15,13145.21821,12126.03938,9894.35,;;;;;;;;;;;;;;;;;;;;;;;
Jo&atilde;o Costa,2205359,jo&atilde;o costense,GILSON CASTRO DE ASSIS,1800.230,3005,1.64,96.9,0.561,27.78,17953.77877,14078.3885,8764.72,;;;;;;;;;;;;;;;;;;;;;
Joaquim Pires,2205409,joaquim-pirense,GENIVAL BEZERRA DA SILVA,739.979,14376,18.68,96.2,0.522,4.50,31352.2017,27395.78493,6412.45,;;;;;;;;;;;;;;;;;;;;;;;
Joca Marques,2205458,jocamarquense,EDILBERTO AGUIAR MARQUES FILHO,166.443,5466,30.64,97.2,0.504,36.14,15922.93451,15337.89776,6448.87,;;;;;;;;;;;;;;;;;;;;;;;
Jos&eacute; de Freitas,2205508,freitense,ROGER COQUEIRO LINHARES,1538.172,39336,24.11,98.7,0.618,19.45,75540.51965,70167.4135,8292.47,;;;;;;;;;;;;;;;;;;;;;;
Juazeiro do Piau&iacute;,2205516,juazeirense,JOS&Eacute; VALDO SOARES ROCHA,935.404,5485,5.75,99.1,0.570,17.54,15591.98768,13401.04814,7738.00,;;;;;;;;;;;;;;;;;;;;;
J&uacute;lio Borges,2205524,julio borgense,EDUARDO HENRIQUE DE CASTRO ROCHA,1283.916,5640,4.14,98.6,0.582,10.42,15551.68152,15017.77043,7309.32,;;;;;;;;;;;;;;;;;;;;;;
Jurema,2205532,juremense,ELDER DA ROCHA SOUZA,1271.881,4777,3.55,99.2,0.555,31.25,16611.09069,15242.10304,7532.04,;;;;;;;;;;;;;;;;;;;;;;;
Lagoinha do Piau&iacute;,2205540,lagoinense,ALCIONE BARBOSA VIANA,67.617,2858,39.35,96.9,0.597,32.26,11091.58172,9753.45988,7228.69,;;;;;;;;;;;;;;;;;;;;;;
Lagoa Alegre,2205557,lagoalegrense,CARLOS MAGNO FORTES MACHADO,394.661,8577,20.29,97.8,0.550,17.24,1267.34639,18549.50481,6995.78,;;;;;;;;;;;;;;;;;;;;;;;
Lagoa do Barro do Piau&iacute;,2205565,lagoa do barrense,GILSON NUNES DE SOUSA,1329.665,4656,3.58,94.7,0.502,14.93,15076.29001,13675.16995,8142.49,;;;;;;;;;;;;;;;;;;;;;;
Lagoa de S&atilde;o Francisco,2205573,lagoense,VERIDIANO CARVALHO DE MELO,155.639,6777,41.26,98.3,0.529,13.70,16827.35737,14909.68714,5999.13,;;;;;;;;;;;;;;;;;;;;;;
Lagoa do Piau&iacute;,2205581,lagoense,ANTONIO FRANCISCO DE OLIVEIRA NETO,427.325,4075,9.05,98.9,0.583,17.86,18370.42042,14012.57216,10947.55,;;;;;;;;;;;;;;;;;;;;;;
Lagoa do S&iacute;tio,2205599,sitiolagoense,ANT&Ocirc;NIO BENEDITO DE MOURA,804.698,5198,6.03,96.6,0.541,47.62,12927.49778,12742.57974,8990.88,;;;;;;;;;;;;;;;;;;;;;
Landri Sales,2205607,landri-salesiano,AURELIO SARAIVA  DE SA,1088.583,5283,4.85,98.7,0.584,37.97,16900.1108,15332.93344,11844.77,;;;;;;;;;;;;;;;;;;;;;;;
Lu&iacute;s Correia,2205706,lu&iacute;s-correiense,FRANCISCO ARAUJO GALENO,1074.712,30438,26.52,95.4,0.541,31.78,65225.26447,62511.12573,9630.06,;;;;;;;;;;;;;;;;;;;;;
Luzil&acirc;ndia,2205805,luzilandense,RONALDO DE SOUSA AZEVEDO,704.347,25504,35.10,96.1,0.545,5.06,45111.92813,43401.868,7644.15,;;;;;;;;;;;;;;;;;;;;;;
Madeiro,2205854,madeirense,JOS&Eacute; CASSIMIRO DE ARA&Uacute;JO NETO,177.153,8342,44.12,97.8,0.563,22.90,20434.27687,19096.36138,5954.09,;;;;;;;;;;;;;;;;;;;;;
Manoel Em&iacute;dio,2205904,manoel-emidense,JOSE MEDEIROS DA SILVA,1618.992,5351,3.22,99,0.573,13.70,80.01341,14666.29822,8053.51,;;;;;;;;;;;;;;;;;;;;;;
Marcol&acirc;ndia,2205953,marcolandense,FRANCISCO PEDRO DE ARAUJO,139.973,8543,54.30,94.5,0.562,32.79,20256.57473,18957.49576,7432.50,;;;;;;;;;;;;;;;;;;;;;;
Marcos Parente,2206001,marcos-parentense,PEDRO NUNES DE SOUSA,677.414,4547,6.58,97.3,0.590,42.86,14014.78847,12196.11307,8872.92,;;;;;;;;;;;;;;;;;;;;;;;
Massap&ecirc; do Piau&iacute;,2206050,massap&ecirc;ense,FRANCISCO EPIFANIO CARVALHO REIS,530.016,6449,11.94,98.6,0.525,40.82,18144.30665,16011.58747,6145.42,;;;;;;;;;;;;;;;;;;;;
Matias Ol&iacute;mpio,2206100,matiense,EDISIO ALVES MAIA,226.374,10958,46.26,98.5,0.562,11.76,24193.57103,23585.83691,6700.60,;;;;;;;;;;;;;;;;;;;;;;
Miguel Alves,2206209,miguel-alvense,MIGUEL BORGES DE OLIVEIRA J&Uacute;NIOR,1393.715,33833,23.17,96.6,0.539,21.40,62959.60603,66953.70893,6868.16,;;;;;;;;;;;;;;;;;;;;;;
Miguel Le&atilde;o,2206308,leonino,ROBERTO C&Eacute;SAR DE &Aacute;REA LE&Atilde;O NASCIMENTO,93.412,1242,13.40,99.6,0.623,71.43,9227.04662,8248.63563,11990.69,;;;;;;;;;;;;;;;;;;;
Milton Brand&atilde;o,2206357,milton brand&atilde;oense,EXPEDITO RODRIGUES DE SOUSA,1309.128,6608,4.93,98.9,0.508,26.67,15756.66539,15264.30988,6633.41,;;;;;;;;;;;;;;;;;;;;;
Monsenhor Gil,2206407,monsenhorgilense,JO&Atilde;O LUIZ CARVALHO DA SILVA,567.545,10564,18.17,98.8,0.615,38.46,24182.97964,21251.45441,8745.55,;;;;;;;;;;;;;;;;;;;;;;
Monsenhor Hip&oacute;lito,2206506,hipolitano,ZENON DE MOURA BEZERRA,401.433,7767,18.41,96.7,0.561,12.05,18407.18284,16370.10783,7136.71,;;;;;;;;;;;;;;;;;;;;;;
Monte Alegre do Piau&iacute;,2206605,montealegrense,DAVINELSON SOARES ROSAL,2417.933,10615,4.28,98.3,0.578,9.90,30161.71877,27518.0085,14847.26,;;;;;;;;;;;;;;;;;;;;;;
Morro Cabe&ccedil;a no Tempo,2206654,morrense,ANTONIO CARLOS BATISTA DE FIGUEREDO,2210.461,4530,1.92,97.7,0.542,14.08,13553.41232,13336.89642,7532.10,;;;;;;;;;;;;;;;;;;;;;;
Morro do Chap&eacute;u do Piau&iacute;,2206670,morrochapeuense,MARCOS HENRIQUE FORTES REBELO,328.289,6811,19.80,98.8,0.550,24.19,17116.47225,16643.62427,6657.93,;;;;;;;;;;;;;;;;;;;;;
Murici dos Portelas,2206696,muriciense,RICARDO DO NASCIMENTO MARTINS SALES,480.567,9209,17.57,96.1,0.530,8.40,22771.74177,20317.76151,7195.48,;;;;;;;;;;;;;;;;;;;;;;;
Nazar&eacute; do Piau&iacute;,2206704,nazareno-do-piau&iacute;,RAIMUNDO NONATO COSTA,1315.841,7322,5.56,99.3,0.576,12.20,17461.18715,16289.00381,6714.34,;;;;;;;;;;;;;;;;;;;;
Naz&aacute;ria,2206720,nazariense,OSVALDO BONFIM DE CARVALHO,364.525,8602,22.19,97.1,0.602,6.21,23422.2238,19021.90086,9361.34,;;;;;;;;;;;;;;;;;;;;;;
Nossa Senhora de Nazar&eacute;,2206753,nazareno,LUIZ CARDOSO DE OLIVEIRA  NETO,356.264,4891,12.79,95.5,0.586,18.52,15386.46749,14454.96582,6973.01,;;;;;;;;;;;;;;;;;;;;;;
Nossa Senhora dos Rem&eacute;dios,2206803,remediense,MANOEL DE JESUS SILVA,357.896,8723,22.89,96.6,0.533,14.18,22680.34842,21842.29398,6998.83,;;;;;;;;;;;;;;;;;;;;;;
Novo Oriente do Piau&iacute;,2206902,novo-orientino,ARNILTON NOGUEIRA DOS SANTOS,525.906,6556,12.37,97.7,0.562,14.29,15894.61852,15360.16045,6497.10,;;;;;;;;;;;;;;;;;;;;;;
Novo Santo Ant&ocirc;nio,2206951,santantoniense,EDGAR GERALDO DE ALENCAR BONA MIRANDA,445.332,3003,6.77,96.5,0.528,102.56,12273.67672,10802.68713,7521.55,;;;;;;;;;;;;;;;;;;;;;;
Oeiras,2207009,oeirense,JOS&Eacute; RAIMUNDO DE S&Aacute; LOPES,2702.486,37085,13.19,97.9,0.634,15.90,68917.28051,64802.78674,11009.05,;;;;;;;;;;;;;;;;;;;;;
Olho D'&Aacute;gua do Piau&iacute;,2207108,olho d&rsquo;aguense,ANTONIO FRANCISCO DOS SANTOS,183.121,2468,11.96,96.7,0.576,23.26,10841.85543,9914.1504,8296.87,;;;;;;;;;;;;;;;;;;;;
Padre Marcos,2207207,padre-marquense,JOSE VALDINAR DA SILVA,278.637,6873,24.47,99.5,0.541,11.11,17219.72301,15682.16473,8013.96,;;;;;;;;;;;;;;;;;;;;;;;
Paes Landim,2207306,paes-landinense,GUTEMBERG MOURA DE ARAUJO,401.378,4126,10.11,98.5,0.575,15.63,14098.90808,13330.45812,8643.10,;;;;;;;;;;;;;;;;;;;;;;;
Paje&uacute; do Piau&iacute;,2207355,pajeuense,SEBASTIANA VIEIRA DE CARVALHO,986.961,3404,3.12,98,0.559,35.71,13480.52443,13302.83384,8192.99,;;;;;;;;;;;;;;;;;;;;;
Palmeira do Piau&iacute;,2207405,palmeirino,JOAO DA CRUZ ROSAL DA LUZ,2023.519,5036,2.47,97.4,0.557,26.32,15953.57164,12759.86461,14312.04,;;;;;;;;;;;;;;;;;;;;;;
Palmeirais,2207504,palmeirense,REGINALDO SOARES VELOSO JUNIOR,1499.180,14587,9.17,98.3,0.562,20.94,31990.70453,32426.2726,6810.07,;;;;;;;;;;;;;;;;;;;;;;;
Paquet&aacute;,2207553,paquetaense,THALES COELHO PIMENTEL,432.681,3937,9.25,96.9,0.509,64.52,14093.62041,12421.38159,8578.34,;;;;;;;;;;;;;;;;;;;;;;
Parnagu&aacute;,2207603,parnaguaense,JONDSON CASTRO FE,3429.282,10819,3.00,96.4,0.575,24.10,32102.99962,26978.44793,7629.27,;;;;;;;;;;;;;;;;;;;;;;
Parna&iacute;ba,2207702,parnaibano,FRANCISCO DE ASSIS DE MORAES SOUZA,435.942,153482,334.51,97.5,0.687,14.72,340708.33219,321306.77298,13534.25,;;;;;;;;;;;;;;;;;;;;;;
Passagem Franca do Piau&iacute;,2207751,passagemfranquense,RAISLAN FARIAS DOS SANTOS,643.438,4323,5.35,98.9,0.561,34.48,N&atilde;o informado,N&atilde;o informado,7853.59,;;;;;;;;;;;;;;;;;;;;
Patos do Piau&iacute;,2207777,patoense,AGENILSON TEIXEIRA DIAS,803.299,6406,8.12,98.4,0.563,35.09,16359.03285,15380.80495,7230.59,;;;;;;;;;;;;;;;;;;;;;;
Pau D'Arco do Piau&iacute;,2207793,paudarquiense,JOSENILTON DE SOUSA RODRIGUES BACELAR,430.817,4065,8.72,98.1,0.514,96.77,12459.43257,9938.17922,6122.50,;;;;;;;;;;;;;;;;;;;;;;
Paulistana,2207801,paulistanense,GILBERTO JOS&Eacute; DE MELO,1941.393,20554,10.04,97.9,0.600,20.29,56081.65085,50043.2428,9520.24,;;;;;;;;;;;;;;;;;;;;;;
Pavussu,2207850,pavussuense,JULIMAR BARBOSA DA SILVA,1090.697,3669,3.36,97.8,0.526,20.83,12901.31676,10447.93147,7676.30,;;;;;;;;;;;;;;;;;;;;;;;
Pedro II,2207900,pedro-segundense,ALVIMAR OLIVEIRA DE ANDRADE,1544.565,38778,24.70,97.3,0.571,10.66,86140.9556,66740.59688,7596.27,;;;;;;;;;;;;;;;;;;;;;;;
Pedro Laurentino,2207934,pedro laurentinense,LEONCIO LEITE DE SOUSA,870.337,2544,2.77,97.2,0.562,40.00,11379.13206,10006.57824,8416.55,;;;;;;;;;;;;;;;;;;;;;;;
Nova Santa Rita,2207959,Santaritense,ANTONIO FRANCISCO RODRIGUES DA SILVA,909.734,4383,4.60,97.1,0.554,16.13,13902.00332,13698.26697,7668.97,;;;;;;;;;;;;;;;;;;;;;;;
Picos,2208007,picoense,JOS&Eacute; WALMIR DE LIMA,577.304,78431,137.30,98.3,0.698,15.63,184481.15986,179285.43185,18531.43,;;;;;;;;;;;;;;;;;;;;;;
Pimenteiras,2208106,pimenteirense,ANTONIO VENICIO DO &Oacute; DE LIMA,4562.900,12139,2.57,98.9,0.566,7.09,25488.71329,25870.49967,6701.99,;;;;;;;;;;;;;;;;;;;;;;
Pio IX,2208205,pio-nonense,REGINA COELI VIANA DE ANDRADE E SILVA,1947.212,18459,9.08,98.8,0.564,9.17,37914.12969,37586.2965,7408.70,;;;;;;;;;;;;;;;;;;;;;;;
Piracuruca,2208304,piracuruquense,RAIMUNDO ALVES FILHO,2369.210,28874,11.57,94.8,0.596,15.42,52130.77281,48756.05716,9195.58,;;;;;;;;;;;;;;;;;;;;;;;
Piripiri,2208403,piripiriense,LUIZ CAVALCANTE E MENEZES,1409.250,63787,43.89,97.3,0.635,11.83,124496.24539,111283.47559,10475.51,;;;;;;;;;;;;;;;;;;;;;;;
Porto,2208502,portuense,DOMINGOS BACELAR DE CARVALHO,253.210,12608,47.08,98,0.549,11.11,26808.63574,27270.5884,6544.36,;;;;;;;;;;;;;;;;;;;;;;;
Porto Alegre do Piau&iacute;,2208551,porto  alegrense,MARCIO NEIVA MARTINS,1169.441,2720,2.19,98.9,0.563,35.71,12313.94079,11914.60031,8520.42,;;;;;;;;;;;;;;;;;;;;;;
Prata do Piau&iacute;,2208601,pratense,WILLHELM BARBOSA LIMA,198.566,3150,15.71,98.5,0.565,26.32,5543.27966,10023.90526,7104.01,;;;;;;;;;;;;;;;;;;;;;;
Queimada Nova,2208650,queimadanovense,RAIMUNDO JULIO COELHO,1284.674,9017,6.32,99.3,0.515,9.35,19016.33017,17424.73044,7724.48,;;;;;;;;;;;;;;;;;;;;;;;
Reden&ccedil;&atilde;o do Gurgu&eacute;ia,2208700,gurgue&iacute;no,ANGELO JOSE SENA SANTOS,2468.072,8796,3.40,97.9,0.589,7.09,19925.31614,17427.18525,7807.64,;;;;;;;;;;;;;;;;;;;
Regenera&ccedil;&atilde;o,2208809,regenerense,HERMES TEIXEIRA NUNES JUNIOR,1251.036,17979,14.03,97.4,0.591,3.77,40933.85553,36690.19373,8909.60,;;;;;;;;;;;;;;;;;;;;;
Riacho Frio,2208858,riacho friense,ADALBERTO GERARDO ROCHA MASCARENHAS,2222.096,4309,1.91,98.9,0.541,30.77,15010.33249,13797.20791,8277.65,;;;;;;;;;;;;;;;;;;;;;;;
Ribeira do Piau&iacute;,2208874,ribeirense,ARNALDO ARA&Uacute;JO PEREIRA DA COSTA,1012.479,4488,4.25,98.4,0.520,18.18,19252.97263,15452.31705,25268.13,;;;;;;;;;;;;;;;;;;;;;
Ribeiro Gon&ccedil;alves,2208908,ribeiro-gon&ccedil;alvino,LINDENBERG VIEIRA DA SILVA,3978.944,7376,1.72,96.8,0.601,26.32,23907.02368,22229.96172,48076.94,;;;;;;;;;;;;;;;;;;;;;
Rio Grande do Piau&iacute;,2209005,rio-grandense-do-piau&iacute;,MAUR&Iacute;CIO MARTINS COSTA SILVA,635.953,6433,9.86,96.5,0.572,24.10,15796.58622,14990.19608,7058.55,;;;;;;;;;;;;;;;;;;;;
Santa Cruz do Piau&iacute;,2209104,santa-cruzense,FRANCISCO BARROSO DE CARVALHO NETO,583.097,6247,9.85,96.8,0.601,12.66,14598.49546,13595.61256,7973.41,;;;;;;;;;;;;;;;;;;;;;;
Santa Cruz dos Milagres,2209153,santacruzense,WILNEY RODRIGUES DE MOURA,978.565,4033,3.87,98.6,0.577,54.05,11892.9292,10633.52481,8248.29,;;;;;;;;;;;;;;;;;;;;;;;
Santa Filomena,2209203,filomense,CARLOS AUGUSTO DE ARAUJO BRAGA,5285.450,6254,1.15,97.6,0.544,30.30,20195.45181,17795.81906,34627.48,;;;;;;;;;;;;;;;;;;;;;;;
Santa Luz,2209302,santa-luzense,CIDELTON DA CUNHA PINHEIRO,1186.737,5882,4.65,99.5,0.588,24.10,13413.32196,12920.43878,7963.00,;;;;;;;;;;;;;;;;;;;;;;;
Santana do Piau&iacute;,2209351,santanense,FRANCISCO RAIMUNDO DE MOURA,111.063,4642,34.84,96.1,0.574,65.22,12951.98763,11190.2852,7178.07,;;;;;;;;;;;;;;;;;;;;;;
Santa Rosa do Piau&iacute;,2209377,santarosense,VERISSIMO ANTONIO SIQUEIRA DA SILVA,340.198,5255,15.14,99,0.567,28.17,13554.75682,11278.12276,6922.08,;;;;;;;;;;;;;;;;;;;;;;
Santo Ant&ocirc;nio de Lisboa,2209401,santo-antoense,WELINGTON CARLOS SILVA,385.135,6441,15.51,93.5,0.584,25.64,13307.98414,11681.3077,9225.25,;;;;;;;;;;;;;;;;;;;;;;
Santo Ant&ocirc;nio dos Milagres,2209450,santoantonhense,ADALBERTO GOMES VILANOVA SOUSA FILHO,33.668,2166,62.12,97.5,0.619,23.81,10465.95636,8921.77999,6114.28,;;;;;;;;;;;;;;;;;;;;;;
Santo In&aacute;cio do Piau&iacute;,2209500,santinacense,TAIRO MOURA MESQUITA,852.088,3803,4.28,99.3,0.613,62.50,13511.23533,12817.27701,7340.05,;;;;;;;;;;;;;;;;;;;;;
S&atilde;o Braz do Piau&iacute;,2209559,san-brazense,NILTON PEREIRA CARDOSO,656.367,4451,6.57,98.7,0.596,18.52,13567.75022,14389.00431,6375.15,;;;;;;;;;;;;;;;;;;;;;
S&atilde;o F&eacute;lix do Piau&iacute;,2209609,s&atilde;o-felicense,JOSE JAILSON PIO,627.157,2932,4.67,100,0.610,35.71,128.64021,10343.23721,8347.67,;;;;;;;;;;;;;;;;;;;
S&atilde;o Francisco de Assis do Piau&iacute;,2209658,s&atilde;ofranciscoense,JOSIMAR JO&Atilde;O DE OLIVEIRA,1072.480,5779,5.06,96,0.485,46.15,17196.50948,13398.5124,6904.42,;;;;;;;;;;;;;;;;;;;
S&atilde;o Francisco do Piau&iacute;,2209708,s&atilde;o-franciscano,ANTONIO MARTINS DE CARVALHO,1340.665,6420,4.70,98.4,0.570,20.83,20144.19608,17792.75488,7600.49,;;;;;;;;;;;;;;;;;;;;
S&atilde;o Gon&ccedil;alo do Gurgu&eacute;ia,2209757,s&atilde;o gon&ccedil;alense,PAULO LUSTOSA NOGUEIRA,1385.311,3057,2.04,97.4,0.560,25.00,11629.74715,11197.49833,9616.43,;;;;;;;;;;;;;;;;;;
S&atilde;o Gon&ccedil;alo do Piau&iacute;,2209807,s&atilde;o-gon&ccedil;alense,LUIS DE SOUSA RIBEIRO JUNIOR,150.070,5030,31.65,97.7,0.616,14.29,14857.18438,11861.49408,7167.87,;;;;;;;;;;;;;;;;;;
S&atilde;o Jo&atilde;o da Canabrava,2209856,canabravense,MERCIA DE ARAUJO ABREU,480.537,4614,9.26,96.8,0.559,21.28,15109.7642,13621.79682,7159.66,;;;;;;;;;;;;;;;;;;;;;
S&atilde;o Jo&atilde;o da Fronteira,2209872,s&atilde;o j&atilde;o fronteirense,ANTONIO ERIVAN RODRIGUES FERNANDES,817.111,6064,7.33,88.3,0.515,14.08,15741.72047,13735.94487,7493.83,;;;;;;;;;;;;;;;;;;;
S&atilde;o Jo&atilde;o da Serra,2209906,serra-jonense,ANANIAS FERNANDES DE SOUSA,997.035,6122,6.12,99.1,0.582,17.86,7398.76515,14580.70013,7777.26,;;;;;;;;;;;;;;;;;;;;;
S&atilde;o Jo&atilde;o da Varjota,2209955,sanjoanense,HELIO NERI MENDES REGO,395.306,4848,11.77,96.9,0.559,25.32,13581.55358,11961.72279,6264.00,;;;;;;;;;;;;;;;;;;;;;
S&atilde;o Jo&atilde;o do Arraial,2209971,s&atilde;o j&atilde;oense,BENEDITA VILMA LIMA,213.355,8038,34.38,98.4,0.523,6.67,18221.93235,17277.28584,5910.73,;;;;;;;;;;;;;;;;;;;
S&atilde;o Jo&atilde;o do Piau&iacute;,2210003,s&atilde;o-joanense,GIL CARLOS MODESTO ALVES,1527.773,20662,12.80,98.3,0.645,13.33,53644.45795,52610.32457,10652.35,;;;;;;;;;;;;;;;;;;;
S&atilde;o Jos&eacute; do Divino,2210052,s&atilde;ojoseense,ANTONIO NONATO LIMA GOMES,319.082,5354,16.13,99.2,0.565,18.18,14622.78516,12846.07245,8627.17,;;;;;;;;;;;;;;;;;;;;
S&atilde;o Jos&eacute; do Peixe,2210102,s&atilde;o-joseense,VALDEMAR DOS SANTOS BARROS,1287.174,3741,2.87,97.5,0.573,30.77,13523.20391,12487.67466,8793.97,;;;;;;;;;;;;;;;;;;;;
S&atilde;o Jos&eacute; do Piau&iacute;,2210201,s&atilde;o-joseense,JO&Atilde;O BEZERRA NETO,373.347,6700,18.06,97.5,0.552,14.49,13687.11323,13491.45665,7873.15,;;;;;;;;;;;;;;;;;;
S&atilde;o Juli&atilde;o,2210300,s&atilde;o-julianense,JONAS BEZERRA DE ALENCAR,291.115,6371,22.07,94.3,0.594,15.63,17088.97766,15242.52904,7025.78,;;;;;;;;;;;;;;;;;;;;
S&atilde;o Louren&ccedil;o do Piau&iacute;,2210359,lourenciano,MICHELLE DE OLIVEIRA CRUZ,672.710,4577,6.58,98.9,0.595,16.39,14186.92375,12401.31315,6643.96,;;;;;;;;;;;;;;;;;;;;
S&atilde;o Luis do Piau&iacute;,2210375,s&atilde;oluisense,RAIMUNDO RENATO VICENTE DE ARAUJO SOUSA,217.924,2646,11.62,97,0.554,34.48,10689.18566,9791.515,6624.34,;;;;;;;;;;;;;;;;;;;;
S&atilde;o Miguel da Baixa Grande,2210383,s&atilde;omiquelense,JOSEMAR TEIXEIRA MOURA,445.599,2454,5.49,98.9,0.563,90.91,59.73257,8860.61796,8409.06,;;;;;;;;;;;;;;;;;;;;;
S&atilde;o Miguel do Fidalgo,2210391,fidalguense,CRISTOV&Atilde;O DIAS DE OLIVEIRA,813.444,3038,3.66,98.7,0.535,103.45,11602.86967,10920.63874,7862.29,;;;;;;;;;;;;;;;;;;;;;
S&atilde;o Miguel do Tapuio,2210409,tapuiense,POMPILIO EVARISTO CARDOSO FILHO,4988.193,17639,3.48,97.5,0.556,14.35,48150.87719,37841.09592,6971.17,;;;;;;;;;;;;;;;;;;;;;;
S&atilde;o Pedro do Piau&iacute;,2210508,s&atilde;o-pedrense,JOS&Eacute; MARIA RIBEIRO DE AQUINO J&Uacute;NIOR,518.288,14324,26.32,98.4,0.595,26.09,30144.58443,28378.32444,7302.46,;;;;;;;;;;;;;;;;;;
S&atilde;o Raimundo Nonato,2210607,s&atilde;o-raimundense,CARMELITA DE CASTRO SILVA,2415.599,34877,13.38,98,0.661,17.13,65149.95424,62121.81633,11955.03,;;;;;;;;;;;;;;;;;;;;;
Sebasti&atilde;o Barros,2210623,sebasti&atilde;o barrense,ONELIO CARVALHO DOS SANTOS,893.716,3451,3.98,99.3,0.536,16.39,13553.41232,13336.89642,10254.30,;;;;;;;;;;;;;;;;;;;;;
Sebasti&atilde;o Leal,2210631,sebasti&atilde;o-lealense,ANGELO PEREIRA DE SOUSA,3151.588,4303,1.31,97.6,0.562,22.73,19130.41333,16770.46266,29192.12,;;;;;;;;;;;;;;;;;;;;;
Sigefredo Pacheco,2210656,sigefredense,OSCAR BARBOSA DA SILVA,1031.489,10058,9.95,99.2,0.581,9.35,20741.2814,17945.23567,6252.92,;;;;;;;;;;;;;;;;;;;;;;;
Sim&otilde;es,2210706,simonense,JOSE WILSON DE CARVALHO,1075.517,14649,13.23,95.3,0.575,13.27,35710.29048,36149.90934,32220.27,;;;;;;;;;;;;;;;;;;;;;;
Simpl&iacute;cio Mendes,2210805,simpl&iacute;cio-mendense,HELI DE ARAUJO MOURA FE,1360.028,12746,8.97,98.6,0.627,11.43,39720.45351,29871.76997,10605.66,;;;;;;;;;;;;;;;;;;;;;
Socorro do Piau&iacute;,2210904,socorrense,JOSE COELHO FILHO,761.854,4563,5.94,97.8,0.561,34.48,14447.86074,16630.64372,7438.05,;;;;;;;;;;;;;;;;;;;;;;
Sussuapara,2210938,sussuaparense,EDVARDO ANT&Ocirc;NIO DA ROCHA,205.741,6767,29.70,93.7,0.586,13.70,15446.05152,13753.90824,7295.99,;;;;;;;;;;;;;;;;;;;;;;
Tamboril do Piau&iacute;,2210953,tamborilense,ANA DELCIDES FIGUEIREDO GUEDES,1587.296,2929,1.73,99.6,0.501,21.74,12540.20191,10582.26539,7636.13,;;;;;;;;;;;;;;;;;;;;;;
Tanque do Piau&iacute;,2210979,tanquense,FRANCISCO PEREIRA DA SILVA FILHO,398.723,2773,6.57,97.9,0.579,52.63,11484.11815,10337.01166,9965.84,;;;;;;;;;;;;;;;;;;;;;;
Teresina,2211001,teresinense,FIRMINO DA SILVEIRA SOARES FILHO,1391.046,868075,584.94,97.8,0.751,16.49,2804376.07164,2669283.43178,22481.67,;;;;;;;;;;;;;;;;;;;;;;;
Uni&atilde;o,2211100,unionense,PAULO HENRIQUE MEDEIROS COSTA,1173.447,44569,36.35,97.9,0.577,15.65,88044.58508,87307.80997,7742.13,;;;;;;;;;;;;;;;;;;;;;;
Uru&ccedil;u&iacute;,2211209,uru&ccedil;uiense,FRANCISCO WAGNER PIRES COELHO,8411.898,21655,2.40,97,0.631,21.48,72450.40111,62120.62513,59528.58,;;;;;;;;;;;;;;;;;;;;
Valen&ccedil;a do Piau&iacute;,2211308,valenciano,MARIA DA CONCEI&Ccedil;&Atilde;O CUNHA DIAS,1333.722,20929,15.23,98.6,0.647,6.97,45444.32883,42662.67051,10862.53,;;;;;;;;;;;;;;;;;;;
V&aacute;rzea Branca,2211357,varzea-branquense,IDEVALDO RIBEIRO DA SILVA,450.755,4938,10.90,97.9,0.553,28.99,15047.23541,14562.80699,7127.94,;;;;;;;;;;;;;;;;;;;;;;
V&aacute;rzea Grande,2211407,v&aacute;rzea-grandense,CL&Aacute;UDIA REGINA MEDEIROS E SILVA,237.013,4386,18.29,99.6,0.571,16.13,13017.22387,11673.39861,7148.74,;;;;;;;;;;;;;;;;;;;;
Vera Mendes,2211506,veramendense,MILTON DA SILVA OLIVEIRA,341.974,3080,8.73,98.2,0.503,43.48,14036.1438,12432.50237,7950.50,;;;;;;;;;;;;;;;;;;;;;;;
Vila Nova do Piau&iacute;,2211605,vilanovense,EDILSON EDMUNDO DE BRITO,221.654,2952,14.09,98.7,0.565,27.78,13552.75494,11517.72334,9829.32,;;;;;;;;;;;;;;;;;;;;;;
Wall Ferraz,2211704,wal farrazense,DANILO ARA&Uacute;JO NUNES MARTINS,269.987,4471,15.85,97.3,0.544,58.82,13474.81433,12680.94248,7152.49,;;;;;;;;;;;;;;;;;;;;;;
;;;;;;;;;;;;;;;;;;;;;;;
